epoch,time,config,train/box_loss,train/cls_loss,train/dfl_loss,metrics/precision(B),metrics/recall(B),metrics/mAP50(B),metrics/mAP50-95(B),val/box_om,val/cls_om,val/dfl_om,lr/pg0,lr/pg1,lr/pg2
1,813.292,super,1.33971,1.16082,1.04517,0.64109,0.38317,0.40905,0.23594,1.24864,0.75137,0.9968,0.000333181,0.000333181,0.000333181
1,838.411,base,1.36177,1.22232,1.05015,0.62648,0.37467,0.39381,0.22599,1.26812,0.79709,0.99965,0.000333181,0.000333181,0.000333181
2,1626.79,super,1.27543,0.78913,1.0087,0.68639,0.42962,0.47346,0.2741,1.22419,0.69731,0.98527,0.000653317,0.000653317,0.000653317
2,1651.52,base,1.29462,0.831744,1.01068,0.67925,0.42042,0.46002,0.26404,1.24347,0.73358,0.98768,0.000653317,0.000653317,0.000653317
3,2434.3,super,1.25536,0.736138,0.998076,0.5982,0.45021,0.49485,0.2853,1.21235,0.67693,0.9774,0.000960254,0.000960254,0.000960254
3,2459.04,base,1.2735,0.769334,0.99935,0.58891,0.4394,0.48213,0.27588,1.22768,0.70796,0.97772,0.000960254,0.000960254,0.000960254
4,3238.89,super,1.24442,0.707677,0.989683,0.61047,0.45513,0.50401,0.29074,1.2067,0.66507,0.97234,0.0009406,0.0009406,0.0009406
4,3263.62,base,1.25995,0.736148,0.990289,0.60739,0.44229,0.49197,0.28235,1.22041,0.69058,0.97252,0.0009406,0.0009406,0.0009406
5,4043.56,super,1.23835,0.69665,0.985478,0.62152,0.46161,0.51416,0.29704,1.20032,0.65912,0.9705,0.0009208,0.0009208,0.0009208
5,4068.31,base,1.25342,0.722689,0.986307,0.61137,0.45179,0.50119,0.28865,1.21362,0.68322,0.97038,0.0009208,0.0009208,0.0009208
6,4847.89,super,1.2316,0.685779,0.988065,0.6255,0.46163,0.51626,0.29869,1.19836,0.65555,0.97645,0.000901,0.000901,0.000901
6,4872.56,base,1.24646,0.710847,0.987812,0.62875,0.44649,0.50634,0.29097,1.2123,0.67891,0.97519,0.000901,0.000901,0.000901
7,5652.83,super,1.22741,0.678101,0.990053,0.62061,0.47071,0.52116,0.3023,1.19689,0.64937,0.97596,0.0008812,0.0008812,0.0008812
7,5677.55,base,1.24263,0.702807,0.987906,0.61335,0.46214,0.51105,0.29455,1.21001,0.67257,0.97378,0.0008812,0.0008812,0.0008812
8,6456.79,super,1.22176,0.672043,0.988748,0.62084,0.47201,0.52608,0.30465,1.19285,0.64398,0.97368,0.0008614,0.0008614,0.0008614
8,6481.46,base,1.2365,0.695832,0.985377,0.62087,0.46173,0.51485,0.29773,1.20505,0.66602,0.97143,0.0008614,0.0008614,0.0008614
9,7261.63,super,1.21849,0.666954,0.985718,0.73023,0.47525,0.5287,0.30691,1.19216,0.64305,0.96974,0.0008416,0.0008416,0.0008416
9,7286.3,base,1.23185,0.690405,0.983141,0.73197,0.45957,0.51804,0.29979,1.20455,0.6644,0.96866,0.0008416,0.0008416,0.0008416
10,8065.83,super,1.21717,0.66408,0.98099,0.72993,0.47496,0.53183,0.30845,1.1916,0.6413,0.96918,0.0008218,0.0008218,0.0008218
10,8090.45,base,1.23086,0.686375,0.979947,0.7256,0.46772,0.52173,0.30155,1.20465,0.66197,0.9692,0.0008218,0.0008218,0.0008218
11,8870.09,super,1.21316,0.658075,0.9816,0.72869,0.47868,0.5329,0.30908,1.19075,0.6374,0.96882,0.000802,0.000802,0.000802
11,8894.7,base,1.22627,0.680798,0.979296,0.72662,0.46786,0.52309,0.30238,1.20292,0.65805,0.96695,0.000802,0.000802,0.000802
12,9674.04,super,1.21076,0.654224,0.975106,0.72913,0.48275,0.533,0.3088,1.18962,0.63726,0.96642,0.0007822,0.0007822,0.0007822
12,9698.71,base,1.22392,0.676318,0.974796,0.71901,0.47455,0.52279,0.30234,1.20343,0.65809,0.96609,0.0007822,0.0007822,0.0007822
13,10479.2,super,1.21118,0.652223,0.973067,0.73759,0.47945,0.53784,0.31232,1.18492,0.63358,0.96404,0.0007624,0.0007624,0.0007624
13,10503.8,base,1.22392,0.673949,0.972903,0.72189,0.47756,0.52969,0.3074,1.19821,0.65337,0.96403,0.0007624,0.0007624,0.0007624
14,11283.7,super,1.2073,0.649504,0.971957,0.72901,0.48405,0.5376,0.31309,1.18504,0.63227,0.96035,0.0007426,0.0007426,0.0007426
14,11308.4,base,1.22056,0.671061,0.972044,0.73101,0.47682,0.53061,0.30821,1.19756,0.65096,0.95908,0.0007426,0.0007426,0.0007426
15,12088.9,super,1.20721,0.649562,0.96857,0.74018,0.48428,0.53979,0.31399,1.18551,0.63127,0.95867,0.0007228,0.0007228,0.0007228
15,12113.6,base,1.21945,0.670592,0.968558,0.72829,0.47823,0.53113,0.30844,1.19636,0.64858,0.95836,0.0007228,0.0007228,0.0007228
16,12893.1,super,1.2031,0.643901,0.967261,0.72416,0.49239,0.54346,0.31562,1.18184,0.62904,0.95696,0.000703,0.000703,0.000703
16,12917.8,base,1.2159,0.66456,0.967646,0.72182,0.4854,0.53558,0.31167,1.19306,0.64766,0.95613,0.000703,0.000703,0.000703
17,13698.6,super,1.20191,0.640779,0.969366,0.72728,0.49162,0.54248,0.31539,1.1858,0.62805,0.95968,0.0006832,0.0006832,0.0006832
17,13723.2,base,1.21414,0.661485,0.969323,0.72288,0.48199,0.53327,0.30918,1.19786,0.64727,0.9607,0.0006832,0.0006832,0.0006832
18,14503.3,super,1.19975,0.638715,0.968057,0.73223,0.49024,0.54414,0.31588,1.1856,0.62744,0.95887,0.0006634,0.0006634,0.0006634
18,14527.8,base,1.21229,0.659212,0.968446,0.72414,0.48671,0.53537,0.31098,1.19747,0.64571,0.95881,0.0006634,0.0006634,0.0006634
19,15308,super,1.19736,0.636934,0.966383,0.64155,0.48783,0.54659,0.31853,1.18277,0.62555,0.95895,0.0006436,0.0006436,0.0006436
19,15332.6,base,1.2098,0.657702,0.967486,0.72516,0.48822,0.53915,0.31325,1.19381,0.64356,0.9597,0.0006436,0.0006436,0.0006436
20,16113.3,super,1.19956,0.63731,0.96434,0.64091,0.48942,0.54496,0.31744,1.185,0.62529,0.96019,0.0006238,0.0006238,0.0006238
20,16137.9,base,1.2116,0.657724,0.964936,0.67701,0.51181,0.54374,0.31816,1.1957,0.64377,0.95947,0.0006238,0.0006238,0.0006238
21,16918.7,super,1.19333,0.631518,0.966228,0.73612,0.49157,0.54619,0.31866,1.18448,0.62451,0.95975,0.000604,0.000604,0.000604
21,16943.3,base,1.20575,0.652333,0.96672,0.73131,0.48545,0.54106,0.31469,1.19743,0.64325,0.96123,0.000604,0.000604,0.000604
22,17724,super,1.19461,0.63144,0.966002,0.63655,0.49629,0.55007,0.32009,1.18349,0.62388,0.9599,0.0005842,0.0005842,0.0005842
22,17748.6,base,1.20678,0.652379,0.966422,0.7247,0.49491,0.54332,0.3161,1.19689,0.64234,0.96087,0.0005842,0.0005842,0.0005842
23,18528.9,super,1.19664,0.630068,0.966158,0.6446,0.49119,0.54926,0.31979,1.18233,0.62153,0.95994,0.0005644,0.0005644,0.0005644
23,18553.5,base,1.20856,0.650904,0.966582,0.63419,0.48922,0.54096,0.31521,1.19399,0.63908,0.96059,0.0005644,0.0005644,0.0005644
24,19333.6,super,1.19427,0.62923,0.968175,0.63144,0.50053,0.54987,0.32131,1.18229,0.62185,0.96547,0.0005446,0.0005446,0.0005446
24,19358.1,base,1.20692,0.650014,0.968287,0.6294,0.48861,0.54064,0.31516,1.19414,0.63983,0.96423,0.0005446,0.0005446,0.0005446
25,20138.5,super,1.19262,0.628986,0.969093,0.63443,0.49805,0.54792,0.31932,1.18896,0.62624,0.97096,0.0005248,0.0005248,0.0005248
25,20163,base,1.20611,0.650885,0.969116,0.63186,0.49184,0.54132,0.31478,1.20432,0.64592,0.97155,0.0005248,0.0005248,0.0005248
26,20942.4,super,1.19038,0.626349,0.969379,0.63019,0.50296,0.54934,0.32017,1.18594,0.62249,0.96549,0.000505,0.000505,0.000505
26,20967,base,1.20326,0.647961,0.969198,0.63391,0.49214,0.54267,0.31576,1.20062,0.64211,0.96684,0.000505,0.000505,0.000505
27,21747,super,1.18813,0.62253,0.963252,0.63198,0.49813,0.55103,0.32046,1.1893,0.62404,0.96444,0.0004852,0.0004852,0.0004852
27,21771.6,base,1.2006,0.643419,0.9636,0.6317,0.49196,0.54256,0.31555,1.20404,0.64333,0.96615,0.0004852,0.0004852,0.0004852
28,22550.9,super,1.18872,0.622177,0.967646,0.63496,0.49784,0.55099,0.32135,1.18754,0.62168,0.96842,0.0004654,0.0004654,0.0004654
28,22575.4,base,1.20201,0.644152,0.96747,0.63236,0.48957,0.54201,0.31623,1.20295,0.64188,0.96942,0.0004654,0.0004654,0.0004654
29,23355.7,super,1.18854,0.623025,0.967945,0.63505,0.5011,0.55219,0.32187,1.18828,0.62156,0.96835,0.0004456,0.0004456,0.0004456
29,23380.3,base,1.20185,0.645196,0.967571,0.63284,0.49248,0.54427,0.31758,1.20047,0.64036,0.96752,0.0004456,0.0004456,0.0004456
30,24161.5,super,1.18933,0.622097,0.967921,0.62349,0.50881,0.55296,0.32274,1.18669,0.62096,0.96661,0.0004258,0.0004258,0.0004258
30,24186.1,base,1.20237,0.644208,0.967525,0.62578,0.4977,0.54516,0.31806,1.19912,0.63959,0.96523,0.0004258,0.0004258,0.0004258
31,24965.8,super,1.18505,0.618557,0.966183,0.6401,0.49994,0.55411,0.32377,1.18647,0.62048,0.9674,0.000406,0.000406,0.000406
31,24990.4,base,1.1978,0.640361,0.965596,0.62858,0.49632,0.54616,0.31858,1.19945,0.63849,0.96662,0.000406,0.000406,0.000406
32,25770.3,super,1.18627,0.617381,0.965758,0.63713,0.50028,0.55387,0.32385,1.1852,0.61965,0.96572,0.0003862,0.0003862,0.0003862
32,25794.9,base,1.19917,0.639505,0.965383,0.6305,0.49491,0.54565,0.31784,1.19651,0.63694,0.96426,0.0003862,0.0003862,0.0003862
33,26575.5,super,1.1836,0.61621,0.963432,0.64106,0.49898,0.55386,0.32266,1.18495,0.61947,0.96525,0.0003664,0.0003664,0.0003664
33,26600.1,base,1.19669,0.637841,0.963486,0.63655,0.48898,0.54574,0.31836,1.19662,0.63693,0.96413,0.0003664,0.0003664,0.0003664
34,27380.3,super,1.18281,0.615854,0.966438,0.63986,0.49992,0.5537,0.32307,1.18628,0.6197,0.96703,0.0003466,0.0003466,0.0003466
34,27404.8,base,1.19629,0.638236,0.965436,0.63306,0.49175,0.54586,0.31779,1.1978,0.63696,0.96531,0.0003466,0.0003466,0.0003466
35,28184.8,super,1.1828,0.613478,0.964881,0.63902,0.50238,0.55527,0.32388,1.18765,0.61945,0.96761,0.0003268,0.0003268,0.0003268
35,28209.4,base,1.19611,0.635548,0.964492,0.63124,0.49527,0.54693,0.31835,1.19933,0.63702,0.96628,0.0003268,0.0003268,0.0003268
36,28989.3,super,1.18121,0.611661,0.96488,0.63503,0.50398,0.55452,0.32443,1.18514,0.61869,0.96716,0.000307,0.000307,0.000307
36,29013.8,base,1.19456,0.634215,0.964912,0.62924,0.49674,0.54666,0.3188,1.19625,0.63566,0.96562,0.000307,0.000307,0.000307
37,29794.8,super,1.1829,0.613006,0.966387,0.64558,0.51949,0.55666,0.32523,1.18373,0.61784,0.96695,0.0002872,0.0002872,0.0002872
37,29819.3,base,1.19596,0.635008,0.966007,0.63315,0.4957,0.54843,0.31999,1.19388,0.63414,0.96473,0.0002872,0.0002872,0.0002872
38,30598.8,super,1.18176,0.611973,0.965771,0.65948,0.519,0.55624,0.3249,1.18416,0.61767,0.96717,0.0002674,0.0002674,0.0002674
38,30623.3,base,1.19566,0.634471,0.965385,0.63172,0.49586,0.54866,0.32005,1.19427,0.63383,0.96471,0.0002674,0.0002674,0.0002674
39,31403.8,super,1.18073,0.610666,0.964967,0.66861,0.51696,0.5568,0.32497,1.18269,0.61686,0.96626,0.0002476,0.0002476,0.0002476
39,31428.3,base,1.19389,0.632982,0.964002,0.67643,0.50318,0.5499,0.32104,1.1928,0.63298,0.96364,0.0002476,0.0002476,0.0002476
40,32207.7,super,1.18005,0.609562,0.961538,0.67609,0.5149,0.5556,0.32474,1.18253,0.61651,0.96448,0.0002278,0.0002278,0.0002278
40,32232.2,base,1.19332,0.63221,0.961414,0.68104,0.50353,0.55036,0.32112,1.19264,0.63287,0.96223,0.0002278,0.0002278,0.0002278
41,33012,super,1.17704,0.608142,0.959511,0.67131,0.51341,0.55586,0.32488,1.18312,0.61685,0.96328,0.000208,0.000208,0.000208
41,33036.5,base,1.19035,0.630531,0.959984,0.68301,0.50392,0.54958,0.32061,1.193,0.63319,0.96114,0.000208,0.000208,0.000208
42,33816.7,super,1.17847,0.606172,0.959417,0.65531,0.51602,0.55554,0.32407,1.18457,0.61662,0.96308,0.0001882,0.0001882,0.0001882
42,33841.3,base,1.19198,0.62904,0.959805,0.68065,0.50558,0.55011,0.32055,1.19422,0.63306,0.96101,0.0001882,0.0001882,0.0001882
43,34621.4,super,1.17667,0.605816,0.95791,0.66901,0.5093,0.55684,0.32492,1.18495,0.61685,0.96249,0.0001684,0.0001684,0.0001684
43,34646,base,1.19005,0.627985,0.958587,0.67651,0.50855,0.55092,0.32075,1.19429,0.63288,0.96055,0.0001684,0.0001684,0.0001684
44,35426.3,super,1.17501,0.604139,0.958229,0.668,0.50949,0.55667,0.3247,1.18536,0.61685,0.96275,0.0001486,0.0001486,0.0001486
44,35450.8,base,1.18839,0.627349,0.958968,0.60821,0.51255,0.54873,0.31925,1.19485,0.63293,0.96101,0.0001486,0.0001486,0.0001486
45,36230.5,super,1.17422,0.604975,0.957943,0.66845,0.50817,0.55647,0.32512,1.18573,0.61713,0.96274,0.0001288,0.0001288,0.0001288
45,36255.1,base,1.18785,0.627953,0.95911,0.60783,0.51411,0.54901,0.31952,1.19531,0.63299,0.96117,0.0001288,0.0001288,0.0001288
46,37035,super,1.17611,0.603674,0.95995,0.66826,0.50859,0.55636,0.32473,1.18604,0.61713,0.96326,0.000109,0.000109,0.000109
46,37059.5,base,1.18957,0.626844,0.960639,0.63174,0.50058,0.54899,0.3194,1.19581,0.63311,0.96177,0.000109,0.000109,0.000109
47,37839.4,super,1.17676,0.603634,0.957475,0.6671,0.50941,0.55516,0.32405,1.18613,0.61716,0.9632,8.92e-05,8.92e-05,8.92e-05
47,37863.9,base,1.1904,0.62694,0.957989,0.63207,0.50002,0.54879,0.31935,1.1958,0.63313,0.96172,8.92e-05,8.92e-05,8.92e-05
48,38643.8,super,1.17206,0.601285,0.956373,0.66628,0.51007,0.55526,0.3241,1.18637,0.61723,0.96303,6.94e-05,6.94e-05,6.94e-05
48,38668.4,base,1.18625,0.624326,0.957256,0.63237,0.49965,0.54884,0.3193,1.19596,0.63309,0.96158,6.94e-05,6.94e-05,6.94e-05
49,39447.4,super,1.17285,0.602314,0.956979,0.66758,0.51049,0.55652,0.32491,1.18658,0.61726,0.96294,4.96e-05,4.96e-05,4.96e-05
49,39472,base,1.18652,0.625186,0.957872,0.63654,0.49834,0.549,0.31932,1.19589,0.63307,0.96141,4.96e-05,4.96e-05,4.96e-05
50,40251.8,super,1.17349,0.60091,0.956805,0.66724,0.51058,0.55665,0.3249,1.18657,0.61722,0.96272,2.98e-05,2.98e-05,2.98e-05
50,40276.3,base,1.18726,0.623574,0.957937,0.63557,0.49841,0.54914,0.31928,1.19587,0.63303,0.96122,2.98e-05,2.98e-05,2.98e-05
